name,ring,quadrant,isNew,description,Descriptive text here,Tech Champ,URL,URL Text,,ring_dropdown,,quadrant_dropdown,isNew_dropdown,Link to Radar,
.Net 6,adopt,languages & frameworks,TRUE,"<strong>.Net 6</strong> delivers the final parts of the .NET unification plan that started with .NET 5. .NET 6 unifies the SDK, base libraries, and runtime across mobile, desktop, IoT, and cloud apps.<a href=""https://docs.microsoft.com/en-us/dotnet/core/whats-new/dotnet-6"">what's new in .Net 6</a> Tech Champ <strong>Vaughan</strong>.","delivers the final parts of the .NET unification plan that started with .NET 5. .NET 6 unifies the SDK, base libraries, and runtime across mobile, desktop, IoT, and cloud apps.",Vaughan,https://docs.microsoft.com/en-us/dotnet/core/whats-new/dotnet-6,what's new in .Net 6,,adopt,"Using now, BAU",tools,TRUE,Google Sheet version,https://radar.thoughtworks.com/?sheetId=https://docs.google.com/spreadsheets/d/1bDrznOiiQUVjiZyQyS-Osp9W1b9FamMwXuPruURLCKY&sheetName=LMS 
C#,adopt,languages & frameworks,FALSE,"<strong>C#</strong> is mostly used with Microsoft's .NET framework to design web forms, web applications, windows applications etc. Website and web application development using Asp. net is the most popular and most commercial use of C# currently.<a href=""https://docs.microsoft.com/en-us/dotnet/csharp/"">C# Guide | Microsoft Docs</a> Tech Champ <strong>?</strong>.","is mostly used with Microsoft's .NET framework to design web forms, web applications, windows applications etc. Website and web application development using Asp. net is the most popular and most commercial use of C# currently.",,https://docs.microsoft.com/en-us/dotnet/csharp/,C# Guide | Microsoft Docs,,,,,,,
Entity Framework Core,adopt,languages & frameworks,FALSE,"<strong>Entity Framework Core</strong> is an Object Relational Mapper (ORM) which is a type of tool that simplifies mapping between objects in your software to the tables and columns of a relational database. Entity Framework (EF) is an open source ORM framework for ADO.NET which is a part of .NET Framework.<a href=""https://docs.microsoft.com/en-us/ef/"">https://docs.microsoft.com/en-us/ef/</a> Tech Champ <strong>?</strong>.",is an Object Relational Mapper (ORM) which is a type of tool that simplifies mapping between objects in your software to the tables and columns of a relational database. Entity Framework (EF) is an open source ORM framework for ADO.NET which is a part of .NET Framework.,,https://docs.microsoft.com/en-us/ef/,https://docs.microsoft.com/en-us/ef/,,trial,"Ready for use, but not as completely proven as those in the Adopt ring. Use these on a trial basis, to decide whether they should be part of our toolkit",languages & frameworks,FALSE,This Sheet,
React,adopt,languages & frameworks,FALSE,"<strong>React</strong> is a JavaScript library for building user interfaces. It is maintained by Facebook and a community of individual developers and companies. React can be used as a base in the development of single-page or mobile applications, as it is optimal for fetching rapidly changing data that needs to be recorded<a href=""https://reactjs.org/"">https://reactjs.org/</a> Tech Champ <strong>?</strong>.","is a JavaScript library for building user interfaces. It is maintained by Facebook and a community of individual developers and companies. React can be used as a base in the development of single-page or mobile applications, as it is optimal for fetching rapidly changing data that needs to be recorded",,https://reactjs.org/,https://reactjs.org/,,assess,"should look at closely, but not necessarily trial yet. Good candidate for Innovation day, Incubator or Hackathons",platforms,,RadarLink,https://radar.thoughtworks.com/?sheetId=https%3A%2F%2Fdocs.google.com%2Fspreadsheets%2Fd%2F1dgtvzB2Mo1w0A7MG0ailGu9A81uM2J6CYZCI1QWueAE%2Fedit%3Fusp%3Dsharing
Redux,adopt,languages & frameworks,FALSE,"<strong>Redux</strong> is a state management tool. While it's mostly used with React, it can be used with any other JavaScript framework or library. It is lightweight at 2KB (including dependencies), so you don't have to worry about it making your application's asset size bigger.<a href=""https://redux.js.org/introduction/getting-started"">https://redux.js.org/introduction/getting-started</a> Tech Champ <strong>?</strong>.","is a state management tool. While it's mostly used with React, it can be used with any other JavaScript framework or library. It is lightweight at 2KB (including dependencies), so you don't have to worry about it making your application's asset size bigger.",,https://redux.js.org/introduction/getting-started,https://redux.js.org/introduction/getting-started,,hold,"Has problems,  should be moving away from ",techniques,,Share,https://docs.google.com/spreadsheets/d/1dgtvzB2Mo1w0A7MG0ailGu9A81uM2J6CYZCI1QWueAE/edit?usp=sharing
SQL Server,adopt,languages & frameworks,FALSE,"<strong>SQL Server</strong> is a relational database management system developed by Microsoft. As a database server, it is a software product with the primary function of storing and retrieving data as requested by other software applications—which may run either on the same computer or on another computer across a network.<a href=""https://www.microsoft.com/en-in/sql-server/sql-server-2019"">SQL Server 2019</a> Tech Champ <strong>?</strong>.","is a relational database management system developed by Microsoft. As a database server, it is a software product with the primary function of storing and retrieving data as requested by other software applications—which may run either on the same computer or on another computer across a network.",,https://www.microsoft.com/en-in/sql-server/sql-server-2019,SQL Server 2019,,,,,,Publish,https://docs.google.com/spreadsheets/d/e/2PACX-1vR_amKxWjjmB8CAhAqrQPxnxNHPZ1G-3c-0_nVk20lcfh5lnrcKTGTUDA1wOOmDmb_bmicMpK34B2VM/pubhtml
Azure DevOps YAML pipelines,adopt,languages & frameworks,TRUE,"<strong>Azure DevOps YAML pipelines</strong> Build, test and deploy with CI/CD that works with any language, platform and cloud. Connect to GitHub or any other Git provider and deploy continuously.<a href=""https://azure.microsoft.com/en-gb/services/devops/"">AzureDevOps</a> Tech Champ <strong>?</strong>.","Build, test and deploy with CI/CD that works with any language, platform and cloud. Connect to GitHub or any other Git provider and deploy continuously.",,https://azure.microsoft.com/en-gb/services/devops/,AzureDevOps,,,,,,,
NUnit,adopt,languages & frameworks,FALSE,"<strong>NUnit</strong> is an open-source unit testing framework for the .NET Framework and Mono. It serves the same purpose as JUnit does in the Java world, and is one of many programs in the xUnit family.<a href=""https://nunit.org/"">https://nunit.org/</a> Tech Champ <strong>?</strong>.","is an open-source unit testing framework for the .NET Framework and Mono. It serves the same purpose as JUnit does in the Java world, and is one of many programs in the xUnit family.",,https://nunit.org/,https://nunit.org/,,,,,,,
XUnit,adopt,languages & frameworks,TRUE,"<strong>XUnit</strong> is a free, open source, community-focused unit testing tool for the .NET Framework. Written by the original inventor of NUnit v2, xUnit.net is the latest technology for unit testing C#, F#, VB.NET and other .NET languages. xUnit.net works with ReSharper, CodeRush, TestDriven.NET and Xamarin.<a href=""https://github.com/xunit/xunit"">https://github.com/xunit/xunit</a> Tech Champ <strong>?</strong>.","is a free, open source, community-focused unit testing tool for the .NET Framework. Written by the original inventor of NUnit v2, xUnit.net is the latest technology for unit testing C#, F#, VB.NET and other .NET languages. xUnit.net works with ReSharper, CodeRush, TestDriven.NET and Xamarin.",,https://github.com/xunit/xunit,https://github.com/xunit/xunit,,,,,,,
Nsubstitute,adopt,languages & frameworks,FALSE,"<strong>Nsubstitute</strong> A friendly substitute for .NET mocking libraries<a href=""https://nsubstitute.github.io/""></a> Tech Champ <strong>?</strong>.",A friendly substitute for .NET mocking libraries,,https://nsubstitute.github.io/,,,,,,,,
Cosmos DB,adopt,languages & frameworks,FALSE,"<strong>Cosmos DB</strong> is Microsoft's globally distributed, multi-model database service<a href=""https://docs.microsoft.com/en-us/azure/cosmos-db/introduction"">Welcome to Cosmos DB</a> Tech Champ <strong>?</strong>.","is Microsoft's globally distributed, multi-model database service",,https://docs.microsoft.com/en-us/azure/cosmos-db/introduction,Welcome to Cosmos DB,,,,,,,
Jest,adopt,languages & frameworks,TRUE,"<strong>Jest</strong> is an open-source test framework created by Facebook that has a great integration with React. js. It includes a command line tool for test execution similar to what Jasmine and Mocha offer.<a href=""https://jestjs.io/docs/tutorial-react"">https://jestjs.io/docs/tutorial-react</a> Tech Champ <strong>?</strong>.",is an open-source test framework created by Facebook that has a great integration with React. js. It includes a command line tool for test execution similar to what Jasmine and Mocha offer.,,https://jestjs.io/docs/tutorial-react,https://jestjs.io/docs/tutorial-react,,,,,,,
Visual Basic for MIS,adopt,languages & frameworks,FALSE,"<strong>Visual Basic for MIS</strong> VB <a href=""""></a> Tech Champ <strong>Simon </strong>.",VB ,Simon ,,,,,,,,,
BootStrap,adopt,languages & frameworks,FALSE,"<strong>BootStrap</strong> is a free and open-source CSS framework directed at responsive, mobile-first front-end web development. It contains CSS- and JavaScript-based design templates for typography, forms, buttons, navigation and other interface components.<a href=""https://getbootstrap.com/"">https://getbootstrap.com/</a> Tech Champ <strong>?</strong>.","is a free and open-source CSS framework directed at responsive, mobile-first front-end web development. It contains CSS- and JavaScript-based design templates for typography, forms, buttons, navigation and other interface components.",,https://getbootstrap.com/,https://getbootstrap.com/,,,,,,,
Moq,adopt,languages & frameworks,FALSE,"<strong>Moq</strong>  is a mocking framework for C#/. NET. It is used in unit testing to isolate your class under test from its dependencies and ensure that the proper methods on the dependent objects are being called. For more information on mocking you may want to look at the Wikipedia article on Mock Objects<a href=""https://github.com/Moq/moq4/wiki/Quickstart"">QuickStart</a> Tech Champ <strong>?</strong>.", is a mocking framework for C#/. NET. It is used in unit testing to isolate your class under test from its dependencies and ensure that the proper methods on the dependent objects are being called. For more information on mocking you may want to look at the Wikipedia article on Mock Objects,,https://github.com/Moq/moq4/wiki/Quickstart,QuickStart,,,,,,,
Material UI,trial,languages & frameworks,TRUE,"<strong>Material UI</strong> is simply a library that allows us to import and use different components to create a user interface in our React applications. This saves a significant amount of time since the developers do not need to write everything from scratch<a href=""https://mui.com/"">https://mui.com/</a> Tech Champ <strong>?</strong>.",is simply a library that allows us to import and use different components to create a user interface in our React applications. This saves a significant amount of time since the developers do not need to write everything from scratch,,https://mui.com/,https://mui.com/,,,,,,,
Python for MIS,assess,languages & frameworks,TRUE,"<strong>Python for MIS</strong> Python<a href=""""></a> Tech Champ <strong>Simon</strong>.",Python,Simon,,,,,,,,,
GraphQL,assess,languages & frameworks,FALSE,"<strong>GraphQL</strong> is a query language for APIs and a runtime for fulfilling those queries with your existing data. GraphQL provides a complete and understandable description of the data in your API, gives clients the power to ask for exactly what they need and nothing more, makes it easier to evolve APIs over time, and enables powerful developer tools.<a href=""https://graphql.org/"">https://graphql.org/</a> Tech Champ <strong>?</strong>.","is a query language for APIs and a runtime for fulfilling those queries with your existing data. GraphQL provides a complete and understandable description of the data in your API, gives clients the power to ask for exactly what they need and nothing more, makes it easier to evolve APIs over time, and enables powerful developer tools.",,https://graphql.org/,https://graphql.org/,,,,,,,
TypeScript,assess,languages & frameworks,TRUE,"<strong>TypeScript</strong> is an open-source language which builds on JavaScript, one of the world's most used tools, by adding static type definitions. Types provide a way to describe the shape of an object, providing better documentation, and allowing TypeScript to validate that your code is working correctly.<a href=""https://www.typescriptlang.org/""></a> Tech Champ <strong>?</strong>.","is an open-source language which builds on JavaScript, one of the world's most used tools, by adding static type definitions. Types provide a way to describe the shape of an object, providing better documentation, and allowing TypeScript to validate that your code is working correctly.",,https://www.typescriptlang.org/,,,,,,,,
JQuery,hold,languages & frameworks,FALSE,"<strong>JQuery</strong> is a lightweight, ""write less, do more"", JavaScript library. The purpose of jQuery is to make it much easier to use JavaScript on your website. jQuery takes a lot of common tasks that require many lines of JavaScript code to accomplish, and wraps them into methods that you can call with a single line of code.<a href=""https://api.jquery.com/"">https://api.jquery.com/</a> Tech Champ <strong>?</strong>.","is a lightweight, ""write less, do more"", JavaScript library. The purpose of jQuery is to make it much easier to use JavaScript on your website. jQuery takes a lot of common tasks that require many lines of JavaScript code to accomplish, and wraps them into methods that you can call with a single line of code.",,https://api.jquery.com/,https://api.jquery.com/,,,,,,,
MVC,hold,languages & frameworks,FALSE,"<strong>MVC</strong> stands for Model, View and Controller. MVC separates application into three components - Model, View and Controller. Model: Model represents shape of the data and business logic. It maintains the data of the application. Model objects retrieve and store model state in a database.<a href=""https://en.wikipedia.org/wiki/Model%E2%80%93view%E2%80%93controller"">wikipedia</a> Tech Champ <strong>?</strong>.","stands for Model, View and Controller. MVC separates application into three components - Model, View and Controller. Model: Model represents shape of the data and business logic. It maintains the data of the application. Model objects retrieve and store model state in a database.",,https://en.wikipedia.org/wiki/Model%E2%80%93view%E2%80%93controller,wikipedia,,,,,,,
Enzyme,hold,languages & frameworks,TRUE,"<strong>Enzyme</strong> is a JavaScript Testing utility for React that makes it easier to assert, manipulate, and traverse your React Components' output. It was developed at Airbnb and later transferred to an independent organization.<a href=""https://enzymejs.github.io/enzyme/"">https://enzymejs.github.io/enzyme/</a> Tech Champ <strong>?</strong>.","is a JavaScript Testing utility for React that makes it easier to assert, manipulate, and traverse your React Components' output. It was developed at Airbnb and later transferred to an independent organization.",,https://enzymejs.github.io/enzyme/,https://enzymejs.github.io/enzyme/,,,,,,,
T-SQL,hold,languages & frameworks,TRUE,"<strong>T-SQL</strong> adds transactions to QSL<a href=""""></a> Tech Champ <strong>Simon </strong>.",adds transactions to QSL,Simon ,,,,,,,,,
ASP .Net,hold,languages & frameworks,FALSE,"<strong>ASP .Net</strong> is an HTML page that includes one or more scripts (small embedded programs) that are processed on a Microsoft Web server before the page is sent to the user.<a href=""https://www.w3schools.com/asp/"">https://www.w3schools.com/asp/</a> Tech Champ <strong>?</strong>.",is an HTML page that includes one or more scripts (small embedded programs) that are processed on a Microsoft Web server before the page is sent to the user.,,https://www.w3schools.com/asp/,https://www.w3schools.com/asp/,,,,,,,
.NET Core (<= 3.1),hold,languages & frameworks,FALSE,"<strong>.NET Core (<= 3.1)</strong> becomes out of support in Dec 2022 all application should be mirated to .Net 6<a href=""https://dotnet.microsoft.com/apps/aspnet"">.Net Guide | Microsoft Docs</a> Tech Champ <strong>?</strong>.",becomes out of support in Dec 2022 all application should be mirated to .Net 6,,https://dotnet.microsoft.com/apps/aspnet,.Net Guide | Microsoft Docs,,,,,,,
JetNexus,adopt,platforms,FALSE,"<strong>JetNexus</strong> is a load balancer for fast, scalable and resilient applications<a href=""https://www.edgenexus.io/"">https://www.edgenexus.io/</a> Tech Champ <strong>?</strong>.","is a load balancer for fast, scalable and resilient applications",,https://www.edgenexus.io/,https://www.edgenexus.io/,,,,,,,
Azure,adopt,platforms,FALSE,"<strong>Azure</strong> Test-driven development (TDD) is a development technique where you must first write a test that fails before you write new functional code. TDD is being quickly adopted by agile software developers for development of application source code<a href=""https://en.m.wikipedia.org/wiki/Serverless_computing""></a> Tech Champ <strong>?</strong>.","is a public cloud computing platform—it is Infrastructure as a Service (IaaS) and Platform as a Service (PaaS) that can be used for services such as analytics, virtual computing, storage, networking, and much more. It can be used to replace or supplement your on-premise servers.",,https://en.m.wikipedia.org/wiki/Serverless_computing,,,,,,,,
SharePoint,adopt,platforms,TRUE,"<strong>SharePoint</strong> development is a strategy in which the first order of business is to develop an API that puts your target developer's interests first and then build the product on top of it (be it a website, mobile application, or a SaaS software).<a href=""Get started with SharePoint."">Get started with SharePoint.</a> Tech Champ <strong>?</strong>.","Organizations use Microsoft SharePoint to create websites. You can use it as a secure place to store, organize, share, and access information from any device. All you need is a web browser",,Get started with SharePoint.,Get started with SharePoint.,,,,,,,
SSRS,adopt,platforms,FALSE,"<strong>SSRS</strong> development is a strategy in which the first order of business is to develop an API that puts your target developer's interests first and then build the product on top of it (be it a website, mobile application, or a SaaS software).<a href=""https://docs.microsoft.com/en-us/sql/reporting-services/create-deploy-and-manage-mobile-and-paginated-reports?view=sql-server-ver15"">SSRS Documents</a> Tech Champ <strong>Simon</strong>.","(Server Reporting Services) is a server-based report generating software system from Microsoft. It is part of a suite of Microsoft SQL Server services, including SSAS (SQL Server Analysis Services) and SSIS (SQL Server Integration Services).",Simon,https://docs.microsoft.com/en-us/sql/reporting-services/create-deploy-and-manage-mobile-and-paginated-reports?view=sql-server-ver15,SSRS Documents,,,,,,,
Office 365,adopt,platforms,FALSE,"<strong>Office 365</strong>  is a framework for software development that emphasizes teamwork, learning, accountability and iterative progress toward a well-defined goal.<a href=""""></a> Tech Champ <strong>?</strong>.","is an integrated experience of apps and services, designed to help you pursue your passion and grow your business. Get apps like Word, Excel, PowerPoint, and more, updated monthly with the latest features and security updates.",,,,,,,,,,
MS Teams,adopt,platforms,FALSE,"<strong>MS Teams</strong>  is an agile software development technique in which two programmers work together at one workstation. One, the driver, writes code while the other, the observer or navigator, reviews each line of code as it is typed in. The two programmers switch roles frequently.<a href=""""></a> Tech Champ <strong>?</strong>.", is a teamwork hub and Office 365 team app that fuses group chat software with collaboration tools.,,,,,,,,,,
Windows Core,adopt,platforms,FALSE,"<strong>Windows Core</strong> are a software development technique—a variant of the service-oriented architecture (SOA) architectural style that structures an application as a collection of loosely coupled services. In a microservices architecture, services are fine-grained and the protocols are lightweight.<a href=""https://www.windowscentral.com/windows-core-os""></a> Tech Champ <strong>Ian</strong>.","is the stripped-down, modular version of Windows that Microsoft intends to use to power the next generation of their devices such as the long-rumored Surface PC, which has a fascinating codename — Centaurus.",Ian,https://www.windowscentral.com/windows-core-os,,,,,,,,
Serverless,adopt,platforms,FALSE,"<strong>Serverless</strong>  computing is a cloud-computing execution model in which the cloud provider runs the server, and dynamically manages the allocation of machine resources. Pricing is based on the actual amount of resources consumed by an application, rather than on pre-purchased units of capacity.<a href=""https://en.wikipedia.org/wiki/Serverless_computing"">wikipedia.org</a> Tech Champ <strong>?</strong>."," computing is a cloud-computing execution model in which the cloud provider runs the server, and dynamically manages the allocation of machine resources. Pricing is based on the actual amount of resources consumed by an application, rather than on pre-purchased units of capacity.",,https://en.wikipedia.org/wiki/Serverless_computing,wikipedia.org,,,,,,,
Azure Developer Portal,adopt,platforms,TRUE,"<strong>Azure Developer Portal</strong> is an automatically generated, fully customizable website with the documentation of your APIs. It is where API consumers can discover your APIs, learn how to use them, request access, and try them out.<a href=""https://docs.microsoft.com/en-us/azure/api-management/api-management-howto-developer-portal"">Api Management how to developer portal</a> Tech Champ <strong>?</strong>.","is an automatically generated, fully customizable website with the documentation of your APIs. It is where API consumers can discover your APIs, learn how to use them, request access, and try them out.",,https://docs.microsoft.com/en-us/azure/api-management/api-management-howto-developer-portal,Api Management how to developer portal,,,,,,,
Terraform,adopt,platforms,FALSE,"<strong>Terraform</strong>  is a tool for building, changing, and versioning infrastructure safely and efficiently. Terraform can manage existing and popular service providers as well as custom in-house solutions. Configuration files describe to Terraform the components needed to run a single application or your entire datacenter.<a href=""https://www.terraform.io/"">https://www.terraform.io/</a> Tech Champ <strong>Ian</strong>."," is a tool for building, changing, and versioning infrastructure safely and efficiently. Terraform can manage existing and popular service providers as well as custom in-house solutions. Configuration files describe to Terraform the components needed to run a single application or your entire datacenter.",Ian,https://www.terraform.io/,https://www.terraform.io/,,,,,,,
Azure Data Factory,adopt,platforms,TRUE,"<strong>Azure Data Factory</strong> is the platform that solves such data scenarios. It is the cloud-based ETL and data integration service that allows you to create data-driven workflows for orchestrating data movement and transforming data at scale.<a href=""https://azure.microsoft.com/en-gb/services/data-factory/"">https://azure.microsoft.com/en-gb/services/data-factory/</a> Tech Champ <strong>Simon</strong>.",is the platform that solves such data scenarios. It is the cloud-based ETL and data integration service that allows you to create data-driven workflows for orchestrating data movement and transforming data at scale.,Simon,https://azure.microsoft.com/en-gb/services/data-factory/,https://azure.microsoft.com/en-gb/services/data-factory/,,,,,,,
Azure Appinsights,adopt,platforms,FALSE,"<strong>Azure Appinsights</strong>  is a consensus-based estimating technique. Agile teams around the world use Planning Poker to estimate their product backlogs. Planning Poker can be used with story points, ideal days, or any other estimating unit.<a href=""https://docs.microsoft.com/en-us/azure/azure-monitor/app/app-insights-overview"">app-insights-overview</a> Tech Champ <strong>?</strong>.","is an extensible Application Performance Management (APM) service for web developers on multiple platforms. ... It works for apps on a wide variety of platforms including .NET, Node.js and Java EE, hosted on-premises, hybrid, or any public cloud.",,https://docs.microsoft.com/en-us/azure/azure-monitor/app/app-insights-overview,app-insights-overview,,,,,,,
Docker (For QA),trial,platforms,FALSE,"<strong>Docker (For QA)</strong>  is a framework for software development that emphasizes teamwork, learning, accountability and iterative progress toward a well-defined goal.<a href=""https://www.docker.com/"">https://www.docker.com/</a> Tech Champ <strong>?</strong>.","is a set of platform as a service products that use OS-level virtualization to deliver software in packages called containers. Containers are isolated from one another and bundle their own software, libraries and configuration files; they can communicate with each other through well-defined channels.",,https://www.docker.com/,https://www.docker.com/,,,,,,,
Power BI,trial,platforms,FALSE,"<strong>Power BI</strong> is exactly a rule of “progressive advancement”. “Mobile first”, as the name suggests, means that we start the product design from the mobile end which has more restrictions, then expand its features to create a tablet or desktop version.<a href=""https://powerbi.microsoft.com/en-us/""></a> Tech Champ <strong>Simon</strong>.",is a business analytics service by Microsoft. It aims to provide interactive visualizations and business intelligence capabilities with an interface simple enough for end users to create their own reports and dashboards.,Simon,https://powerbi.microsoft.com/en-us/,,,,,,,,
HCI,trial,platforms,FALSE,"<strong>HCI</strong> converges compute, storage, and management resources to a single industry‐standard x86 server, forming a seamless, software‐ defined environment. HCI is simple to use and manage, does not require specialists, and is far more cost-effective and cost-predictable than many traditional solutions.<a href=""https://www.trustmarque.com/modern-datacentre/software-defined-datacentre/?gclid=Cj0KCQiAsvTxBRDkARIsAH4W_j_C75ARUuEZ6Us4D6vqEjGBCZzqWygPf4RxbTfP3WLiB6ht25Ka18EaAuIrEALw_wcB"">HCI</a> Tech Champ <strong>Ian</strong>.","converges compute, storage, and management resources to a single industry‐standard x86 server, forming a seamless, software‐ defined environment. HCI is simple to use and manage, does not require specialists, and is far more cost-effective and cost-predictable than many traditional solutions.",Ian,https://www.trustmarque.com/modern-datacentre/software-defined-datacentre/?gclid=Cj0KCQiAsvTxBRDkARIsAH4W_j_C75ARUuEZ6Us4D6vqEjGBCZzqWygPf4RxbTfP3WLiB6ht25Ka18EaAuIrEALw_wcB,HCI,,,,,,,
NXS,trial,platforms,TRUE,"<strong>NXS</strong> is a network virtualization and security platform that enables the virtual cloud network, a software-defined approach to networking that extends across data centers, clouds and application frameworks.<a href=""https://www.vmware.com/uk/products/nsx.html#:~:text=Frequently%20Asked%20Questions-,What%20is%20VMware%20NSX%3F,centers%2C%20clouds%20and%20application%20frameworks."">VMWare.com</a> Tech Champ <strong>Ian</strong>.","is a network virtualization and security platform that enables the virtual cloud network, a software-defined approach to networking that extends across data centers, clouds and application frameworks.",Ian,"https://www.vmware.com/uk/products/nsx.html#:~:text=Frequently%20Asked%20Questions-,What%20is%20VMware%20NSX%3F,centers%2C%20clouds%20and%20application%20frameworks.",VMWare.com,,,,,,,
Azure Cognitive Services,trial,platforms,TRUE,"<strong>Azure Cognitive Services</strong> are cloud-based artificial intelligence (AI) services that help you build cognitive intelligence into your applications. They are available as REST APIs, client library SDKs, and user interfaces. You can add cognitive features to your applications without having AI or data science skills<a href=""https://azure.microsoft.com/en-gb/services/cognitive-services/"">https://azure.microsoft.com/en-gb/services/cognitive-services/</a> Tech Champ <strong>?</strong>.","are cloud-based artificial intelligence (AI) services that help you build cognitive intelligence into your applications. They are available as REST APIs, client library SDKs, and user interfaces. You can add cognitive features to your applications without having AI or data science skills",,https://azure.microsoft.com/en-gb/services/cognitive-services/,https://azure.microsoft.com/en-gb/services/cognitive-services/,,,,,,,
SOLID,adopt,techniques,FALSE,"<strong>SOLID</strong> The five principles are as follows:

S – Single Responsibility Principle (SRP)
O – Open Closed Principle (OCP)
L – Liskov Substitution Principle (LSP)
I – Interface Segregation Principle (ISP)
D – Dependency Inversion Principle (DIP)<a href=""https://itnext.io/solid-principles-explanation-and-examples-715b975dcad4"">SOLID Design Principles</a> Tech Champ <strong>?</strong>.","The five principles are as follows:

S – Single Responsibility Principle (SRP)
O – Open Closed Principle (OCP)
L – Liskov Substitution Principle (LSP)
I – Interface Segregation Principle (ISP)
D – Dependency Inversion Principle (DIP)",,https://itnext.io/solid-principles-explanation-and-examples-715b975dcad4,SOLID Design Principles,,,,,,,
Message Queues,adopt,techniques,FALSE,"<strong>Message Queues</strong> provide an asynchronous communications protocol, meaning that the sender and receiver of the message do not need to interact with the message queue at the same time. Messages placed onto the queue are stored until the recipient retrieves them.<a href=""https://www.cloudamqp.com/blog/2014-12-03-what-is-message-queuing.html"">what is message queuing</a> Tech Champ <strong>?</strong>.","provide an asynchronous communications protocol, meaning that the sender and receiver of the message do not need to interact with the message queue at the same time. Messages placed onto the queue are stored until the recipient retrieves them.",,https://www.cloudamqp.com/blog/2014-12-03-what-is-message-queuing.html,what is message queuing,,,,,,,
BDD,adopt,techniques,FALSE,"<strong>BDD</strong> In software engineering, behavior-driven development is an Agile software development process that encourages collaboration between developers, QA and non-technical or business participants in a software project.<a href=""https://cucumber.io/docs/bdd/overview/"">https://cucumber.io/docs/bdd/overview/</a> Tech Champ <strong>?</strong>.","In software engineering, behavior-driven development is an Agile software development process that encourages collaboration between developers, QA and non-technical or business participants in a software project.",,https://cucumber.io/docs/bdd/overview/,https://cucumber.io/docs/bdd/overview/,,,,,,,
Stories (INVEST),adopt,techniques,FALSE,"<strong>Stories (INVEST)</strong> In order to create good user stories, start by remembering to INVEST in good user stories.  INVEST is an acronym which encompasses the following concepts which make up a good user story:  Independent Negotiable Valuable Estimable Small Testable. <a href=""https://youtu.be/INbNIQWL3sY"">agile for all</a> Tech Champ <strong>?</strong>.","In order to create good user stories, start by remembering to INVEST in good user stories.  INVEST is an acronym which encompasses the following concepts which make up a good user story:  Independent Negotiable Valuable Estimable Small Testable. ",,https://youtu.be/INbNIQWL3sY,agile for all,,,,,,,
TDD,adopt,techniques,FALSE,"<strong>TDD</strong> Test-driven development (TDD) is a development technique where you must first write a test that fails before you write new functional code. TDD is being quickly adopted by agile software developers for development of application source code<a href=""https://youtu.be/qkblc5WRn-U"">Uncle Bob does TDD</a> Tech Champ <strong>?</strong>.",Test-driven development (TDD) is a development technique where you must first write a test that fails before you write new functional code. TDD is being quickly adopted by agile software developers for development of application source code,,https://youtu.be/qkblc5WRn-U,Uncle Bob does TDD,,,,,,,
API First,adopt,techniques,FALSE,"<strong>API First</strong> development is a strategy in which the first order of business is to develop an API that puts your target developer's interests first and then build the product on top of it (be it a website, mobile application, or a SaaS software).<a href=""https://dzone.com/articles/an-api-first-development-approach-1""></a> Tech Champ <strong>?</strong>.","development is a strategy in which the first order of business is to develop an API that puts your target developer's interests first and then build the product on top of it (be it a website, mobile application, or a SaaS software).",,https://dzone.com/articles/an-api-first-development-approach-1,,,,,,,,
Scrum,adopt,techniques,FALSE,"<strong>Scrum</strong>  is a framework for software development that emphasizes teamwork, learning, accountability and iterative progress toward a well-defined goal.<a href=""http://scrumtrainingseries.com/"">http://scrumtrainingseries.com/</a> Tech Champ <strong>?</strong>."," is a framework for software development that emphasizes teamwork, learning, accountability and iterative progress toward a well-defined goal.",,http://scrumtrainingseries.com/,http://scrumtrainingseries.com/,,,,,,,
Pair Programming,adopt,techniques,FALSE,"<strong>Pair Programming</strong>  is an agile software development technique in which two programmers work together at one workstation. One, the driver, writes code while the other, the observer or navigator, reviews each line of code as it is typed in. The two programmers switch roles frequently.<a href=""https://youtu.be/vgkahOzFH2Q"">Pairing </a> Tech Champ <strong>?</strong>."," is an agile software development technique in which two programmers work together at one workstation. One, the driver, writes code while the other, the observer or navigator, reviews each line of code as it is typed in. The two programmers switch roles frequently.",,https://youtu.be/vgkahOzFH2Q,Pairing ,,,,,,,
C4 Architecture model,adopt,techniques,FALSE,"<strong>C4 Architecture model</strong> model is an ""abstraction-first"" approach to diagramming software architecture, based upon abstractions that reflect how software architects and developers think about and build software. The small set of abstractions and diagram types makes the C4 model easy to learn and use.<a href=""https://c4model.com/"">https://c4model.com/</a> Tech Champ <strong>?</strong>.","model is an ""abstraction-first"" approach to diagramming software architecture, based upon abstractions that reflect how software architects and developers think about and build software. The small set of abstractions and diagram types makes the C4 model easy to learn and use.",,https://c4model.com/,https://c4model.com/,,,,,,,
Micro services,adopt,techniques,FALSE,"<strong>Micro services</strong> are a software development technique—a variant of the service-oriented architecture (SOA) architectural style that structures an application as a collection of loosely coupled services. In a microservices architecture, services are fine-grained and the protocols are lightweight.<a href=""https://youtu.be/2yko4TbC8cI"">Martin Fowler talks about micro services</a> Tech Champ <strong>?</strong>.","are a software development technique—a variant of the service-oriented architecture (SOA) architectural style that structures an application as a collection of loosely coupled services. In a microservices architecture, services are fine-grained and the protocols are lightweight.",,https://youtu.be/2yko4TbC8cI,Martin Fowler talks about micro services,,,,,,,
Planning Poker,adopt,techniques,FALSE,"<strong>Planning Poker</strong>  is a consensus-based estimating technique. Agile teams around the world use Planning Poker to estimate their product backlogs. Planning Poker can be used with story points, ideal days, or any other estimating unit.<a href=""https://www.mountaingoatsoftware.com/agile/planning-poker""></a> Tech Champ <strong>?</strong>."," is a consensus-based estimating technique. Agile teams around the world use Planning Poker to estimate their product backlogs. Planning Poker can be used with story points, ideal days, or any other estimating unit.",,https://www.mountaingoatsoftware.com/agile/planning-poker,,,,,,,,
MobileFirst,adopt,techniques,FALSE,"<strong>MobileFirst</strong> is exactly a rule of “progressive advancement”. “Mobile first”, as the name suggests, means that we start the product design from the mobile end which has more restrictions, then expand its features to create a tablet or desktop version.<a href=""https://medium.com/@Vincentxia77/what-is-mobile-first-design-why-its-important-how-to-make-it-7d3cf2e29d00"">WhatIsMobileFirst</a> Tech Champ <strong>Alison</strong>.","is exactly a rule of “progressive advancement”. “Mobile first”, as the name suggests, means that we start the product design from the mobile end which has more restrictions, then expand its features to create a tablet or desktop version.",Alison,https://medium.com/@Vincentxia77/what-is-mobile-first-design-why-its-important-how-to-make-it-7d3cf2e29d00,WhatIsMobileFirst,,,,,,,
3 Amigos,adopt,techniques,FALSE,"<strong>3 Amigos</strong> normally consisting of BA, Developer, and Tester - is one of the key ways to change the culture of the team to be more Agile, and encourage more collaboration. ... The Three Amigos ensures a common understanding for a story in the team; a session between Product Owner (Business), Developer, Tester<a href=""https://www.youtube.com/watch?v=DZHbUVmtRTE"">Three Amigos</a> Tech Champ <strong>Karen</strong>.","normally consisting of BA, Developer, and Tester - is one of the key ways to change the culture of the team to be more Agile, and encourage more collaboration. ... The Three Amigos ensures a common understanding for a story in the team; a session between Product Owner (Business), Developer, Tester",Karen,https://www.youtube.com/watch?v=DZHbUVmtRTE,Three Amigos,,,,,,,
ScrumBan,trial,techniques,TRUE,"<strong>ScrumBan</strong> <a href=""https://kanbanize.com/kanban-resources/getting-started/what-is-kanban/"">WhatIsKanban</a> Tech Champ <strong>Michael</strong>.",,Michael,https://kanbanize.com/kanban-resources/getting-started/what-is-kanban/,WhatIsKanban,,,,,,,
Specflow,adopt,tools,FALSE,"<strong>Specflow</strong> is the open source port of Cucumber for .NET. Define automatic tests in Gherkin and execute them using MSTest, NUnit, xUnit and MbUnit.<a href=""https://specflow.org/"">https://specflow.org/</a> Tech Champ <strong>?</strong>.","is the open source port of Cucumber for .NET. Define automatic tests in Gherkin and execute them using MSTest, NUnit, xUnit and MbUnit.",,https://specflow.org/,https://specflow.org/,,,,,,,
selenium,adopt,tools,FALSE,"<strong>selenium</strong> Selenium automates browsers. That's it! What you do with that power is entirely up to you. Primarily, it is for automating web applications for testing purposes, but is certainly not limited to just that.<a href=""https://www.seleniumhq.org/"">https://www.seleniumhq.org/</a> Tech Champ <strong>?</strong>.","Selenium automates browsers. That's it! What you do with that power is entirely up to you. Primarily, it is for automating web applications for testing purposes, but is certainly not limited to just that.",,https://www.seleniumhq.org/,https://www.seleniumhq.org/,,,,,,,
RestSharp,adopt,tools,FALSE,"<strong>RestSharp</strong> is a comprehensive, open-source HTTP client library that works with all kinds of DotNet technologies. It can be used to build robust applications by making it easy to interface with public APIs and quickly access data without the complexity of dealing with raw HTTP requests.<a href=""https://restsharp.dev/"">https://restsharp.dev/</a> Tech Champ <strong>?</strong>.","is a comprehensive, open-source HTTP client library that works with all kinds of DotNet technologies. It can be used to build robust applications by making it easy to interface with public APIs and quickly access data without the complexity of dealing with raw HTTP requests.",,https://restsharp.dev/,https://restsharp.dev/,,,,,,,
Log Analytics,adopt,tools,TRUE,"<strong>Log Analytics</strong> Log Analytics is a tool in the Azure portal to edit and run log queries from data collected by Azure Monitor Logs and interactively analyze their results. You can use Log Analytics queries to retrieve records that match particular criteria, identify trends, analyze patterns, and provide various insights into your data.<a href=""https://docs.microsoft.com/en-us/azure/azure-monitor/logs/log-analytics-tutorial"">log-analytics-tutorial</a> Tech Champ <strong>?</strong>.","Log Analytics is a tool in the Azure portal to edit and run log queries from data collected by Azure Monitor Logs and interactively analyze their results. You can use Log Analytics queries to retrieve records that match particular criteria, identify trends, analyze patterns, and provide various insights into your data.",,https://docs.microsoft.com/en-us/azure/azure-monitor/logs/log-analytics-tutorial,log-analytics-tutorial,,,,,,,
ZEPLIN,adopt,tools,FALSE,"<strong>ZEPLIN</strong> is a collaboration tool, built for UI designers and frontend developers. WithZeplin, collaboration between designers and developers becomes easy, effective and saves time. Designers can turn their designs into specs and guidelines, and developers can generate platform-related code snippets<a href=""https://zeplin.io/"">https://zeplin.io/</a> Tech Champ <strong>Alison</strong>.","is a collaboration tool, built for UI designers and frontend developers. WithZeplin, collaboration between designers and developers becomes easy, effective and saves time. Designers can turn their designs into specs and guidelines, and developers can generate platform-related code snippets",Alison,https://zeplin.io/,https://zeplin.io/,,,,,,,
IronPDF,adopt,tools,FALSE,"<strong>IronPDF</strong> is a commercial Grade PDF Generation library for the . Net platform, written in C#.<a href=""https://ironpdf.com/"">https://ironpdf.com/</a> Tech Champ <strong>?</strong>.","is a commercial Grade PDF Generation library for the . Net platform, written in C#.",,https://ironpdf.com/,https://ironpdf.com/,,,,,,,
Postman,adopt,tools,FALSE,"<strong>Postman</strong> is a Google Chrome app for interacting with HTTP APIs. It presents you with a friendly GUI for constructing requests and reading responses. The people behind Postman also offer an add-on package called Jetpacks, which includes some automation tools and, most crucially, a Javascript testing library<a href=""https://www.youtube.com/watch?v=t5n07Ybz7yI"">The Basics of Using Postman</a> Tech Champ <strong>?</strong>.","is a Google Chrome app for interacting with HTTP APIs. It presents you with a friendly GUI for constructing requests and reading responses. The people behind Postman also offer an add-on package called Jetpacks, which includes some automation tools and, most crucially, a Javascript testing library",,https://www.youtube.com/watch?v=t5n07Ybz7yI,The Basics of Using Postman,,,,,,,
Insomnia,adopt,tools,FALSE,"<strong>Insomnia</strong> is a free cross-platform desktop application that takes the pain out of interacting with and designing HTTP-based APIs. Insomnia combines an easy-to-use interface with advanced functionality like authentication helpers, code generation, and environment variables.<a href=""https://insomnia.rest/"">https://insomnia.rest/</a> Tech Champ <strong>Harry</strong>.","is a free cross-platform desktop application that takes the pain out of interacting with and designing HTTP-based APIs. Insomnia combines an easy-to-use interface with advanced functionality like authentication helpers, code generation, and environment variables.",Harry,https://insomnia.rest/,https://insomnia.rest/,,,,,,,
Browser Stack,adopt,tools,FALSE,"<strong>Browser Stack</strong> is a cloud web and mobile testing platform that enables developers to test their websites and mobile applications across on-demand browsers, operating systems and real mobile devices, without requiring users to install or maintain an internal lab of virtual machines, devices or emulators.<a href=""https://www.browserstack.com/""></a> Tech Champ <strong>?</strong>.","is a cloud web and mobile testing platform that enables developers to test their websites and mobile applications across on-demand browsers, operating systems and real mobile devices, without requiring users to install or maintain an internal lab of virtual machines, devices or emulators.",,https://www.browserstack.com/,,,,,,,,
GIT,adopt,tools,FALSE,"<strong>GIT</strong> is a distributed version-control system for tracking changes in source code during software development. It is designed for coordinating work among programmers, but it can be used to track changes in any set of files. Its goals include speed, data integrity, and support for distributed, non-linear workflows.<a href=""https://git-scm.com/""></a> Tech Champ <strong>?</strong>.","is a distributed version-control system for tracking changes in source code during software development. It is designed for coordinating work among programmers, but it can be used to track changes in any set of files. Its goals include speed, data integrity, and support for distributed, non-linear workflows.",,https://git-scm.com/,,,,,,,,
PostCSS,adopt,tools,FALSE,"<strong>PostCSS</strong> A tool for transforming CSS with JavaScript<a href=""https://postcss.org/"">https://postcss.org/</a> Tech Champ <strong>?</strong>.",A tool for transforming CSS with JavaScript,,https://postcss.org/,https://postcss.org/,,,,,,,
Sass,adopt,tools,FALSE,"<strong>Sass</strong> Syntactically Awesome Style Sheets, mature, stable, and powerful professional grade CSS extension language<a href=""https://sass-lang.com/"">https://sass-lang.com/</a> Tech Champ <strong>?</strong>.","Syntactically Awesome Style Sheets, mature, stable, and powerful professional grade CSS extension language",,https://sass-lang.com/,https://sass-lang.com/,,,,,,,
Google Analytics,adopt,tools,FALSE,"<strong>Google Analytics</strong> User Journey visulisation<a href=""""></a> Tech Champ <strong>Simon</strong>.",User Journey visulisation,Simon,,,,,,,,,
Intergration Services,adopt,tools,FALSE,"<strong>Intergration Services</strong> ISAC<a href=""""></a> Tech Champ <strong>Simon</strong>.",ISAC,Simon,,,,,,,,,
SonarCloud,adopt,tools,FALSE,"<strong>SonarCloud</strong> is a cloud service offered by SonarSource and based on SonarQube. SonarQube is a widely adopted open source platform to inspect continuously the quality of source code and detect bugs, vulnerabilities and code smells in more than 20 different languages<a href=""https://sonarcloud.io/""></a> Tech Champ <strong>?</strong>.","is a cloud service offered by SonarSource and based on SonarQube. SonarQube is a widely adopted open source platform to inspect continuously the quality of source code and detect bugs, vulnerabilities and code smells in more than 20 different languages",,https://sonarcloud.io/,,,,,,,,
Adobe XD,adopt,tools,TRUE,"<strong>Adobe XD</strong> is a vector-based user experience design tool for web apps and mobile apps, developed and published by Adobe Inc. It is available for macOS and Windows, although there are versions for iOS and Android to help preview the result of work directly on mobile devices.<a href=""https://www.adobe.com/uk/products/xd/details.html"">Adobe XD</a> Tech Champ <strong>Alison</strong>.","is a vector-based user experience design tool for web apps and mobile apps, developed and published by Adobe Inc. It is available for macOS and Windows, although there are versions for iOS and Android to help preview the result of work directly on mobile devices.",Alison,https://www.adobe.com/uk/products/xd/details.html,Adobe XD,,,,,,,
miro,adopt,tools,FALSE,"<strong>miro</strong> is the online collaborative whiteboarding platform that enables distributed teams to work effectively together, from brainstorming with digital sticky notes to planning and managing agile workflows<a href=""miro.com"">miro.com</a> Tech Champ <strong>Michael L</strong>.","is the online collaborative whiteboarding platform that enables distributed teams to work effectively together, from brainstorming with digital sticky notes to planning and managing agile workflows",Michael L,miro.com,miro.com,,,,,,,
Nlog,adopt,tools,FALSE,"<strong>Nlog</strong> is a flexible and free logging platform for various .NET platforms, including .NET standard. NLog makes it easy to write to several targets. (database, file, console) and change the logging configuration on-the-fly. NLog has support for structured and traditional logging.<a href=""""></a> Tech Champ <strong>?</strong>.","is a flexible and free logging platform for various .NET platforms, including .NET standard. NLog makes it easy to write to several targets. (database, file, console) and change the logging configuration on-the-fly. NLog has support for structured and traditional logging.",,,,,,,,,,
HotJar,trial,tools,TRUE,"<strong>HotJar</strong> is a powerful tool that reveals the online behavior and voice of your users. By combining both Analysis and Feedback tools, Hotjar gives you the 'big picture' of how to improve your site's user experience and performance/conversion rates.<a href=""https://www.hotjar.com/"">https://www.hotjar.com/</a> Tech Champ <strong>Alison</strong>.","is a powerful tool that reveals the online behavior and voice of your users. By combining both Analysis and Feedback tools, Hotjar gives you the 'big picture' of how to improve your site's user experience and performance/conversion rates.",Alison,https://www.hotjar.com/,https://www.hotjar.com/,,,,,,,
Azure DevOps Boards,trial,tools,TRUE,"<strong>Azure DevOps Boards</strong> is an interface or a service of DevOps through which teams can manage their projects throughout the entire development lifecycle.<a href=""https://docs.microsoft.com/en-us/azure/devops/boards/get-started/what-is-azure-boards?view=azure-devops"">DevOps Boards</a> Tech Champ <strong>Karen</strong>.",is an interface or a service of DevOps through which teams can manage their projects throughout the entire development lifecycle.,Karen,https://docs.microsoft.com/en-us/azure/devops/boards/get-started/what-is-azure-boards?view=azure-devops,DevOps Boards,,,,,,,
Playwright,assess,tools,TRUE,"<strong>Playwright</strong> Playwright is a framework for Web Testing and Automation. It allows testing Chromium, Firefox and WebKit with a single API<a href=""https://playwright.dev/"">https://playwright.dev/</a> Tech Champ <strong>?</strong>.","Playwright is a framework for Web Testing and Automation. It allows testing Chromium, Firefox and WebKit with a single API",,https://playwright.dev/,https://playwright.dev/,,,,,,,
Power Automate,assess,tools,TRUE,"<strong>Power Automate</strong> formerly Microsoft Flow, is an online tool within the Microsoft 365 applications and add-ins, used for the creation of automated workflows between apps and services to synchronize files, get notifications, and collect data.<a href=""https://powerautomate.microsoft.com/en-gb/"">https://powerautomate.microsoft.com/en-gb/</a> Tech Champ <strong>Simon</strong>.","formerly Microsoft Flow, is an online tool within the Microsoft 365 applications and add-ins, used for the creation of automated workflows between apps and services to synchronize files, get notifications, and collect data.",Simon,https://powerautomate.microsoft.com/en-gb/,https://powerautomate.microsoft.com/en-gb/,,,,,,,
Power Apps ,assess,tools,TRUE,"<strong>Power Apps </strong> allows you to build time-saving workflows into everything from individual tasks to large-scale systems with seamless integration using hundreds of prebuilt connectors.<a href=""https://powerapps.microsoft.com/en-gb/"">https://powerapps.microsoft.com/en-gb/</a> Tech Champ <strong>Simon</strong>.",allows you to build time-saving workflows into everything from individual tasks to large-scale systems with seamless integration using hundreds of prebuilt connectors.,Simon,https://powerapps.microsoft.com/en-gb/,https://powerapps.microsoft.com/en-gb/,,,,,,,
Purview,assess,tools,TRUE,"<strong>Purview</strong> is a unified data governance solution that helps you manage and govern your on-premises, multicloud, and software-as-a-service (SaaS) data. Easily create a holistic, up-to-date map of your data landscape with automated data discovery, sensitive data classification, and end-to-end data lineage. Enable data consumers to find valuable, trustworthy data.<a href=""""></a> Tech Champ <strong>?</strong>.","is a unified data governance solution that helps you manage and govern your on-premises, multicloud, and software-as-a-service (SaaS) data. Easily create a holistic, up-to-date map of your data landscape with automated data discovery, sensitive data classification, and end-to-end data lineage. Enable data consumers to find valuable, trustworthy data.",,,,,,,,,,
nService Bus,hold,tools,FALSE,"<strong>nService Bus</strong> is an implementation of a 'service bus' pattern for .NET. As a developer, it helps you create decoupled applications that are easier to maintain, extend, scale and test.<a href=""https://particular.net/nservicebus"">https://particular.net/nservicebus</a> Tech Champ <strong>?</strong>.","is an implementation of a 'service bus' pattern for .NET. As a developer, it helps you create decoupled applications that are easier to maintain, extend, scale and test.",,https://particular.net/nservicebus,https://particular.net/nservicebus,,,,,,,
Jira,hold,tools,FALSE,"<strong>Jira</strong> is a proprietary issue tracking product developed by Atlassian that allows bug tracking and agile project management.<a href=""https://www.atlassian.com/software/jira""></a> Tech Champ <strong>Kate</strong>.",is a proprietary issue tracking product developed by Atlassian that allows bug tracking and agile project management.,Kate,https://www.atlassian.com/software/jira,,,,,,,,
SpecFlow Runner,hold,tools,TRUE,"<strong>SpecFlow Runner</strong> is a powerful test runner for SpecFlow that further boosts your automation productivity. But it does not play well with .Net 6<a href=""https://specflow.org/tools/runner/"">https://specflow.org/tools/runner/</a> Tech Champ <strong>?</strong>.",is a powerful test runner for SpecFlow that further boosts your automation productivity. But it does not play well with .Net 6,,https://specflow.org/tools/runner/,https://specflow.org/tools/runner/,,,,,,,
Soap UI,hold,tools,FALSE,"<strong>Soap UI</strong> is an open-source web service testing application for service-oriented architectures and representational state transfers. Its functionality covers web service inspection, invoking, development, simulation and mocking, functional testing, load and compliance testing.<a href=""https://www.soapui.org/""></a> Tech Champ <strong>?</strong>.","is an open-source web service testing application for service-oriented architectures and representational state transfers. Its functionality covers web service inspection, invoking, development, simulation and mocking, functional testing, load and compliance testing.",,https://www.soapui.org/,,,,,,,,
